,id,title,price,latitude,longitude,metro_name,metro_distance,distanceType,update_time,metro_distance_coords
0,357091435,"Студия, 23 м2, 5/5 этаж",45000,60.086295,29.942726,Беговая,29,2,2025-12-21T15:53:46,0.2779690749651848
1,357091820,"2-комн. квартира, 67.2 м2, 9/18 этаж",57000,59.826266,30.327151,Звездная,9,2,2025-12-23T07:08:56,0.02337145248802705
2,353448997,"Студия, 27 м2, 5/5 этаж",45000,60.086295,29.942726,Беговая,29,2,2025-11-09T22:16:03,0.2779690749651848
3,354665698,"Студия, 28 м2, 13/29 этаж",32000,59.841545,30.503724,Рыбацкое,18,1,2025-11-09T21:13:54,0.011215305418043962
4,354668381,"1-комн. квартира, 40 м2, 10/12 этаж",30000,60.065467,30.312239,Проспект Просвещения,8,2,2025-11-12T21:48:11,0.024517210817095826
5,356973425,"2-комн. квартира, 55 м2, 3/5 этаж",50000,60.088826,29.953515,Беговая,29,2,2025-12-22T19:05:17,0.2688603694280742
6,355949358,"1-комн. квартира, 42.3 м2, 5/16 этаж",30000,59.795139,30.152833,Автово,15,2,2025-12-22T19:07:27,0.13039966744271397
7,356816181,"1-комн. квартира, 49.6 м2, 21/25 этаж",38000,60.059813,30.280322,Озерки,11,2,2025-12-23T07:08:49,0.04714754696959173
8,356862044,"3-комн. квартира, 71.5 м2, 2/12 этаж",55000,59.832738,30.50826,Рыбацкое,7,1,2025-12-22T19:05:25,0.00837015440837113
9,356952813,"2-комн. квартира, 54.6 м2, 1/6 этаж",45000,59.74432,30.082585,Автово,25,2,2025-12-22T19:05:17,0.21706071338123292
10,354303665,"Студия, 40.1 м2, 4/9 этаж",52000,59.902961,30.326405,Фрунзенская,11,1,2025-11-09T21:13:54,0.009547846301654212
11,356973282,"1-комн. квартира, 40.3 м2, 6/18 этаж",33000,60.018362,30.392432,Политехническая,13,1,2025-12-22T19:05:13,0.023559824555585147
12,357058642,"1-комн. квартира, 34 м2, 8/20 этаж",37000,60.071658,30.321743,Парнас,11,1,2025-12-23T17:00:52,0.0130521908850573
13,350815195,"4-комн. квартира, 200 м2, 2/17 этаж",225000,59.953358,30.214709,Приморская,17,1,2025-11-12T21:48:20,0.02023773242288108
14,355448967,"3-комн. квартира, 80 м2, 2/5 этаж",119999,59.925187,30.383745,Лиговский проспект,20,1,2025-12-22T19:06:05,0.02915922427243416
15,350988135,"Студия, 23 м2, 6/9 этаж",55000,59.960994,30.266533,Спортивная,6,2,2025-08-27T18:46:05,0.024050615589836
16,356583942,"1-комн. квартира, 39 м2, 1/17 этаж",38000,59.969335,30.426936,Новочеркасская,9,2,2025-12-23T07:08:46,0.04306263488826333
17,356666917,"3-комн. квартира, 100 м2, 9/13 этаж",150000,59.879353,30.315275,Электросила,19,1,2025-12-22T19:06:03,0.0034357505439140726
18,356666585,"1-комн. квартира, 40 м2, 3/5 этаж",60000,59.932824,30.372866,Лиговский проспект,18,1,2025-12-22T19:05:54,0.02165510280672744
19,356716981,"3-комн. квартира, 142 м2, 9/14 этаж",110000,60.005545,30.263164,Пионерская,6,1,2025-12-21T21:30:42,0.03369001888942778
20,356717703,"1-комн. квартира, 40 м2, 11/13 этаж",50000,60.03153,30.201054,Пионерская,13,2,2025-12-22T19:01:03,0.09993629729367538
21,356717955,"1-комн. квартира, 39.5 м2, 12/20 этаж",40000,59.862985,30.175785,Проспект Ветеранов,9,2,2025-12-21T18:48:46,0.07886760824451503
22,356717870,"1-комн. квартира, 45.5 м2, 3/8 этаж",150000,59.961539,30.252739,Приморская,16,1,2025-12-21T15:53:53,0.022510435544874873
23,356773018,"2-комн. квартира, 65.5 м2, 10/10 этаж",95000,60.011452,30.336403,Удельная,19,1,2025-12-22T19:05:18,0.02135632864047728
24,356718096,"1-комн. квартира, 40 м2, 6/20 этаж",80000,60.036263,30.227806,Пионерская,10,2,2025-12-22T19:01:03,0.07667789776702034
25,352981491,"1-комн. квартира, 36 м2, 7/16 этаж",30000,60.021816,30.255528,Комендантский проспект,15,1,2026-03-05T08:00:01,0.013783545864906726
26,357703975,"1-комн. квартира, 37.5 м2, 9/16 этаж",40000,60.035535,30.334957,Озерки,8,1,2026-03-04T20:29:53.69,0.01339050769948435
27,357703974,"1-комн. квартира, 43 м2, 2/13 этаж",50000,59.981793,30.355268,Лесная,7,1,2026-03-04T20:29:53.67,0.011480498271849573
28,357589910,"3-комн. квартира, 43 м2, 2/5 этаж",40000,59.849193,30.259921,Ленинский проспект,10,1,2026-03-04T20:29:53.307,0.00879146265020976
29,356665941,"Студия, 34 м2, 11/14 этаж",31000,60.06015,30.308565,Проспект Просвещения,7,2,2025-12-22T19:05:47,0.025386809611488394
30,356772487,"Студия, 25.6 м2, 14/23 этаж",35000,59.812193,30.373693,Купчино,11,2,2025-12-22T19:05:46,0.01761464094013657
31,356202757,"1-комн. квартира, 35.8 м2, 16/25 этаж",30000,59.826691,30.556221,Пролетарская,11,2,2025-12-22T19:05:48,0.09426159669732984
32,356499614,"2-комн. квартира, 43 м2, 4/5 этаж",50000,60.104594,29.971185,Беговая,30,2,2025-12-22T19:05:21,0.25932634134040705
33,355655046,"1-комн. квартира, 40 м2, 2/7 этаж",80000,60.09403,29.960692,Беговая,28,2,2025-12-22T19:01:04,0.2642869285000665
34,355864551,"2-комн. квартира, 48.5 м2, 6/6 этаж",50000,59.756197,30.474879,Звездная,16,2,2025-12-22T19:06:01,0.1472065198297958
35,356972876,"1-комн. квартира, 30.1 м2, 8/9 этаж",50000,60.118265,30.166532,Парнас,22,2,2025-12-21T21:30:39,0.17507803820725257
36,357091807,"3-комн. квартира, 76 м2, 8/8 этаж",35000,59.72216,30.081839,Автово,28,2,2025-12-21T18:48:48,0.2309192670540305
37,350816695,"Студия, 20 м2, 27/27 этаж",31000,60.068857,30.313631,Парнас,8,2,2025-12-22T19:05:47,0.0203918732366589
38,355472177,"1-комн. квартира, 42.5 м2, 4/5 этаж",49000,59.755696,30.307163,Купчино,21,2,2025-12-23T17:00:53,0.10072913430706036
39,357103567,"2-комн. квартира, 50.1 м2, 1/2 этаж",26000,60.084329,30.250067,Парнас,13,2,2025-12-23T07:08:57,0.08564170863603603
40,353673704,"Студия, 10 м2, 6/6 этаж",18650,59.962404,30.322614,Горьковская,12,1,2025-11-12T21:47:58,0.007309801355029522
41,357102552,"1-комн. квартира, 37.6 м2, 17/27 этаж",30000,60.077629,30.336386,Парнас,16,1,2025-12-22T19:07:21,0.010898970910140639
42,353672658,"Студия, 27.7 м2, 2/5 этаж",50000,60.086295,29.942726,Беговая,29,2,2025-11-09T22:16:07,0.2779690749651848
43,351412415,"1-комн. квартира, 36.9 м2, 3/25 этаж",45000,60.059086,30.276127,Озерки,12,2,2025-08-11T20:25:22,0.050546218523745294
44,355527161,"Студия, 26 м2, 5/5 этаж",32000,59.756369,30.327546,Московская,22,2,2025-12-22T19:05:06,0.0959443876622283
45,356498699,"Студия, 27 м2, 13/19 этаж",29000,60.071254,30.31135,Парнас,8,2,2025-12-23T07:01:13,0.02298443759807912
46,356666358,"2-комн. квартира, 54 м2, 6/12 этаж",42000,59.83942,30.501361,Рыбацкое,11,1,2025-12-22T19:06:01,0.008579156673001359
47,356772385,"Студия, 21 м2, 4/25 этаж",28000,60.051437,30.267359,Озерки,13,2,2025-12-23T07:08:43,0.056153544394367476
48,356862389,"3-комн. квартира, 54.6 м2, 5/5 этаж",52000,59.813256,30.297282,Московская,11,2,2025-12-22T19:05:24,0.04608472806993305
49,356952726,"Студия, 24 м2, 11/13 этаж",24000,60.063303,30.461755,Девяткино,14,2,2025-12-22T19:21:47,0.02325627817450501
